Reviews,Rating,Tags,Heading,Link
103,5.0 ,['Real Estate Agents'],Samantha Huang - Corcoran ICON Properties,https://www.yelp.com/biz/samantha-huang-corcoran-icon-properties-san-francisco?osq=Home+Developers&override_cta=Book+a+consultation
10,5.0 ,"['General Contractors', 'Home Developers']",Aura Building Company,https://www.yelp.com/biz/aura-building-company-san-francisco-2?osq=Home+Developers&override_cta=Book+a+consultation
33,5.0 ,"['Architects', 'Interior Design']",Martinkovic Milford Architects,https://www.yelp.com/biz/martinkovic-milford-architects-san-francisco?osq=Home+Developers&override_cta=Book+a+consultation
15,4.7 ,"['Interior Design', 'Architects']",Vanguard Development,https://www.yelp.com/biz/vanguard-development-san-francisco?osq=Home+Developers&override_cta=Book+a+consultation
43,5.0 ,"['Home Staging', 'Interior Design']",White Harmony Staging & Design,https://www.yelp.com/biz/white-harmony-staging-and-design-san-francisco?osq=Home+Developers&override_cta=Book+a+consultation
17,5.0 ,['General Contractors'],Sunset Home Builders San Francisco,https://www.yelp.com/biz/sunset-home-builders-san-francisco-san-francisco?osq=Home+Developers&override_cta=Book+a+consultation
85,5.0 ,"['Real Estate Agents', 'Real Estate Services']",Real SF Properties - Corcoran Global Living,https://www.yelp.com/biz/real-sf-properties-corcoran-global-living-san-francisco?osq=Home+Developers&override_cta=Book+a+consultation
41,5.0 ,"['General Contractors', 'Architects']",Architect Andrew Morrall,https://www.yelp.com/biz/architect-andrew-morrall-san-francisco-2?osq=Home+Developers&override_cta=Book+a+consultation
6,5.0 ,"['Architects', 'Structural Engineers']",Massoudi Consulting Engineers,https://www.yelp.com/biz/massoudi-consulting-engineers-san-francisco?osq=Home+Developers&override_cta=Book+a+consultation
1,5.0 ,"['Interior Design', 'Home Staging', 'Home Developers']",KAGdesigns,https://www.yelp.com/biz/kagdesigns-san-francisco?osq=Home+Developers&override_cta=Book+a+consultation
